673	BRAF	[NS7, B-raf, BRAF1, RAFB1, B-RAF1]	true	false	V600G	missense_variant	false
673	BRAF	[NS7, B-raf, BRAF1, RAFB1, B-RAF1]	true	false	K601del	inframe_deletion	false
673	BRAF	[NS7, B-raf, BRAF1, RAFB1, B-RAF1]	true	false	A489_T491del	inframe_deletion	false
673	BRAF	[NS7, B-raf, BRAF1, RAFB1, B-RAF1]	true	false	L65M	missense_variant	false
673	BRAF	[NS7, B-raf, BRAF1, RAFB1, B-RAF1]	true	false	BRAF-PWWP2A fusion	NA	false
673	BRAF	[NS7, B-raf, BRAF1, RAFB1, B-RAF1]	true	false	R509Q	missense_variant	false
673	BRAF	[NS7, B-raf, BRAF1, RAFB1, B-RAF1]	true	false	S337L	missense_variant	false
673	BRAF	[NS7, B-raf, BRAF1, RAFB1, B-RAF1]	true	false	G464R	missense_variant	false
673	BRAF	[NS7, B-raf, BRAF1, RAFB1, B-RAF1]	true	false	V600D_K601insFGLAT	NA	false
673	BRAF	[NS7, B-raf, BRAF1, RAFB1, B-RAF1]	true	false	V600M	missense_variant	false
673	BRAF	[NS7, B-raf, BRAF1, RAFB1, B-RAF1]	true	false	D287H	missense_variant	false
673	BRAF	[NS7, B-raf, BRAF1, RAFB1, B-RAF1]	true	false	T599I	missense_variant	false
673	BRAF	[NS7, B-raf, BRAF1, RAFB1, B-RAF1]	true	false	T121I	missense_variant	false
673	BRAF	[NS7, B-raf, BRAF1, RAFB1, B-RAF1]	true	false	G466E	missense_variant	false
673	BRAF	[NS7, B-raf, BRAF1, RAFB1, B-RAF1]	true	false	V487_P492delinsA	inframe_deletion	false
673	BRAF	[NS7, B-raf, BRAF1, RAFB1, B-RAF1]	true	false	Amplification	NA	false
673	BRAF	[NS7, B-raf, BRAF1, RAFB1, B-RAF1]	true	false	K483E	missense_variant	false
673	BRAF	[NS7, B-raf, BRAF1, RAFB1, B-RAF1]	true	false	L441R	missense_variant	false
673	BRAF	[NS7, B-raf, BRAF1, RAFB1, B-RAF1]	true	false	P318L	missense_variant	false
673	BRAF	[NS7, B-raf, BRAF1, RAFB1, B-RAF1]	true	false	MKRN1-BRAF Fusion	NA	false
673	BRAF	[NS7, B-raf, BRAF1, RAFB1, B-RAF1]	true	false	K601I	missense_variant	false
673	BRAF	[NS7, B-raf, BRAF1, RAFB1, B-RAF1]	true	false	T241P	missense_variant	false
673	BRAF	[NS7, B-raf, BRAF1, RAFB1, B-RAF1]	true	false	L485W	missense_variant	false
673	BRAF	[NS7, B-raf, BRAF1, RAFB1, B-RAF1]	true	false	T274A	missense_variant	false
673	BRAF	[NS7, B-raf, BRAF1, RAFB1, B-RAF1]	true	false	L331F	missense_variant	false
673	BRAF	[NS7, B-raf, BRAF1, RAFB1, B-RAF1]	true	false	M517V	missense_variant	false
673	BRAF	[NS7, B-raf, BRAF1, RAFB1, B-RAF1]	true	false	L312P	missense_variant	false
673	BRAF	[NS7, B-raf, BRAF1, RAFB1, B-RAF1]	true	false	D594V	missense_variant	false
673	BRAF	[NS7, B-raf, BRAF1, RAFB1, B-RAF1]	true	false	K499E	missense_variant	false
673	BRAF	[NS7, B-raf, BRAF1, RAFB1, B-RAF1]	true	false	G464E	missense_variant	false
673	BRAF	[NS7, B-raf, BRAF1, RAFB1, B-RAF1]	true	false	W604L	missense_variant	false
673	BRAF	[NS7, B-raf, BRAF1, RAFB1, B-RAF1]	true	false	AGAP3-BRAF	NA	false
673	BRAF	[NS7, B-raf, BRAF1, RAFB1, B-RAF1]	true	false	R362L	missense_variant	false
673	BRAF	[NS7, B-raf, BRAF1, RAFB1, B-RAF1]	true	false	M117L	missense_variant	false
673	BRAF	[NS7, B-raf, BRAF1, RAFB1, B-RAF1]	true	false	V168L	missense_variant	false
673	BRAF	[NS7, B-raf, BRAF1, RAFB1, B-RAF1]	true	false	V600delinsYM	inframe_insertion	false
673	BRAF	[NS7, B-raf, BRAF1, RAFB1, B-RAF1]	true	false	P367L	missense_variant	false
673	BRAF	[NS7, B-raf, BRAF1, RAFB1, B-RAF1]	true	false	R462I	missense_variant	false
673	BRAF	[NS7, B-raf, BRAF1, RAFB1, B-RAF1]	true	false	S467A	missense_variant	false
673	BRAF	[NS7, B-raf, BRAF1, RAFB1, B-RAF1]	true	false	F109I	missense_variant	false
673	BRAF	[NS7, B-raf, BRAF1, RAFB1, B-RAF1]	true	false	L485_P490delinsF	inframe_deletion	false
673	BRAF	[NS7, B-raf, BRAF1, RAFB1, B-RAF1]	true	false	R271H	missense_variant	false
673	BRAF	[NS7, B-raf, BRAF1, RAFB1, B-RAF1]	true	false	VK600EI	NA	false
673	BRAF	[NS7, B-raf, BRAF1, RAFB1, B-RAF1]	true	false	R603*	stop_gained	false
673	BRAF	[NS7, B-raf, BRAF1, RAFB1, B-RAF1]	true	false	KIAA1549-BRAF Fusion	NA	false
673	BRAF	[NS7, B-raf, BRAF1, RAFB1, B-RAF1]	true	false	R354Q	missense_variant	false
673	BRAF	[NS7, B-raf, BRAF1, RAFB1, B-RAF1]	true	false	A728V	missense_variant	false
673	BRAF	[NS7, B-raf, BRAF1, RAFB1, B-RAF1]	true	false	L485_P490del	inframe_deletion	false
673	BRAF	[NS7, B-raf, BRAF1, RAFB1, B-RAF1]	true	false	NFIA-BRAF fusion	NA	false
673	BRAF	[NS7, B-raf, BRAF1, RAFB1, B-RAF1]	true	false	H725Q	missense_variant	false
673	BRAF	[NS7, B-raf, BRAF1, RAFB1, B-RAF1]	true	false	F595I	missense_variant	false
673	BRAF	[NS7, B-raf, BRAF1, RAFB1, B-RAF1]	true	false	A762V	missense_variant	false
673	BRAF	[NS7, B-raf, BRAF1, RAFB1, B-RAF1]	true	false	Q257R	missense_variant	false
673	BRAF	[NS7, B-raf, BRAF1, RAFB1, B-RAF1]	true	false	BRAF-SCRIB fusion	NA	false
673	BRAF	[NS7, B-raf, BRAF1, RAFB1, B-RAF1]	true	false	L485_P490delinsY	inframe_deletion	false
673	BRAF	[NS7, B-raf, BRAF1, RAFB1, B-RAF1]	true	false	S136P	missense_variant	false
673	BRAF	[NS7, B-raf, BRAF1, RAFB1, B-RAF1]	true	false	S151A	missense_variant	false
673	BRAF	[NS7, B-raf, BRAF1, RAFB1, B-RAF1]	true	false	R558Q	missense_variant	false
673	BRAF	[NS7, B-raf, BRAF1, RAFB1, B-RAF1]	true	false	V600A	missense_variant	false
673	BRAF	[NS7, B-raf, BRAF1, RAFB1, B-RAF1]	true	false	AGK-BRAF Fusion	NA	false
673	BRAF	[NS7, B-raf, BRAF1, RAFB1, B-RAF1]	true	false	X237_splice	splice_region_variant	false
673	BRAF	[NS7, B-raf, BRAF1, RAFB1, B-RAF1]	true	false	G469V	missense_variant	false
673	BRAF	[NS7, B-raf, BRAF1, RAFB1, B-RAF1]	true	false	KS601NT	NA	false
673	BRAF	[NS7, B-raf, BRAF1, RAFB1, B-RAF1]	true	false	K601Q	missense_variant	false
673	BRAF	[NS7, B-raf, BRAF1, RAFB1, B-RAF1]	true	false	D385N	missense_variant	false
673	BRAF	[NS7, B-raf, BRAF1, RAFB1, B-RAF1]	true	false	R462E	missense_variant	false
673	BRAF	[NS7, B-raf, BRAF1, RAFB1, B-RAF1]	true	false	T599insTT	inframe_insertion	false
673	BRAF	[NS7, B-raf, BRAF1, RAFB1, B-RAF1]	true	false	P422A	missense_variant	false
673	BRAF	[NS7, B-raf, BRAF1, RAFB1, B-RAF1]	true	false	S134F	missense_variant	false
673	BRAF	[NS7, B-raf, BRAF1, RAFB1, B-RAF1]	true	false	Y472S	missense_variant	false
673	BRAF	[NS7, B-raf, BRAF1, RAFB1, B-RAF1]	true	false	I457V	missense_variant	false
673	BRAF	[NS7, B-raf, BRAF1, RAFB1, B-RAF1]	true	false	W604G	missense_variant	false
673	BRAF	[NS7, B-raf, BRAF1, RAFB1, B-RAF1]	true	false	Q302R	missense_variant	false
673	BRAF	[NS7, B-raf, BRAF1, RAFB1, B-RAF1]	true	false	G466V	missense_variant	false
673	BRAF	[NS7, B-raf, BRAF1, RAFB1, B-RAF1]	true	false	R362G	missense_variant	false
673	BRAF	[NS7, B-raf, BRAF1, RAFB1, B-RAF1]	true	false	Q201H	missense_variant	false
673	BRAF	[NS7, B-raf, BRAF1, RAFB1, B-RAF1]	true	false	PARP12-BRAF fusion	NA	false
673	BRAF	[NS7, B-raf, BRAF1, RAFB1, B-RAF1]	true	false	E275K	missense_variant	false
673	BRAF	[NS7, B-raf, BRAF1, RAFB1, B-RAF1]	true	false	R252Q	missense_variant	false
673	BRAF	[NS7, B-raf, BRAF1, RAFB1, B-RAF1]	true	false	A598V	missense_variant	false
673	BRAF	[NS7, B-raf, BRAF1, RAFB1, B-RAF1]	true	false	T599_V600insETT	inframe_insertion	false
673	BRAF	[NS7, B-raf, BRAF1, RAFB1, B-RAF1]	true	false	S419F	missense_variant	false
673	BRAF	[NS7, B-raf, BRAF1, RAFB1, B-RAF1]	true	false	T529M	missense_variant	false
673	BRAF	[NS7, B-raf, BRAF1, RAFB1, B-RAF1]	true	false	T233P	missense_variant	false
673	BRAF	[NS7, B-raf, BRAF1, RAFB1, B-RAF1]	true	false	V600E	missense_variant	false
673	BRAF	[NS7, B-raf, BRAF1, RAFB1, B-RAF1]	true	false	L485_Q494del	inframe_deletion	false
673	BRAF	[NS7, B-raf, BRAF1, RAFB1, B-RAF1]	true	false	R506_K507insVLR	inframe_insertion	false
673	BRAF	[NS7, B-raf, BRAF1, RAFB1, B-RAF1]	true	false	BRAF-CCDC6 fusion	NA	false
673	BRAF	[NS7, B-raf, BRAF1, RAFB1, B-RAF1]	true	false	L505H	missense_variant	false
673	BRAF	[NS7, B-raf, BRAF1, RAFB1, B-RAF1]	true	false	Q257H	missense_variant	false
673	BRAF	[NS7, B-raf, BRAF1, RAFB1, B-RAF1]	true	false	R603Q	missense_variant	false
673	BRAF	[NS7, B-raf, BRAF1, RAFB1, B-RAF1]	true	false	N581I	missense_variant	false
673	BRAF	[NS7, B-raf, BRAF1, RAFB1, B-RAF1]	true	false	D594E	missense_variant	false
673	BRAF	[NS7, B-raf, BRAF1, RAFB1, B-RAF1]	true	false	Y633C	missense_variant	false
673	BRAF	[NS7, B-raf, BRAF1, RAFB1, B-RAF1]	true	false	A33T	missense_variant	false
673	BRAF	[NS7, B-raf, BRAF1, RAFB1, B-RAF1]	true	false	V600K	missense_variant	false
673	BRAF	[NS7, B-raf, BRAF1, RAFB1, B-RAF1]	true	false	PAPSS1-BRAF Fusion	NA	false
673	BRAF	[NS7, B-raf, BRAF1, RAFB1, B-RAF1]	true	false	G464V	missense_variant	false
673	BRAF	[NS7, B-raf, BRAF1, RAFB1, B-RAF1]	true	false	M620I	missense_variant	false
673	BRAF	[NS7, B-raf, BRAF1, RAFB1, B-RAF1]	true	false	SND1-BRAF Fusion	NA	false
673	BRAF	[NS7, B-raf, BRAF1, RAFB1, B-RAF1]	true	false	BRAF-PHTF2 fusion	NA	false
673	BRAF	[NS7, B-raf, BRAF1, RAFB1, B-RAF1]	true	false	Q356K	missense_variant	false
673	BRAF	[NS7, B-raf, BRAF1, RAFB1, B-RAF1]	true	false	x327_splice	NA	false
673	BRAF	[NS7, B-raf, BRAF1, RAFB1, B-RAF1]	true	false	K183*	stop_gained	false
673	BRAF	[NS7, B-raf, BRAF1, RAFB1, B-RAF1]	true	false	P321L	missense_variant	false
673	BRAF	[NS7, B-raf, BRAF1, RAFB1, B-RAF1]	true	false	S467L	missense_variant	false
673	BRAF	[NS7, B-raf, BRAF1, RAFB1, B-RAF1]	true	false	E586K	missense_variant	false
673	BRAF	[NS7, B-raf, BRAF1, RAFB1, B-RAF1]	true	false	Oncogenic Mutations	NA	false
673	BRAF	[NS7, B-raf, BRAF1, RAFB1, B-RAF1]	true	false	G596C	missense_variant	false
673	BRAF	[NS7, B-raf, BRAF1, RAFB1, B-RAF1]	true	false	D40Y	missense_variant	false
673	BRAF	[NS7, B-raf, BRAF1, RAFB1, B-RAF1]	true	false	L382F	missense_variant	false
673	BRAF	[NS7, B-raf, BRAF1, RAFB1, B-RAF1]	true	false	L584F	missense_variant	false
673	BRAF	[NS7, B-raf, BRAF1, RAFB1, B-RAF1]	true	false	N486_P490del	inframe_deletion	false
673	BRAF	[NS7, B-raf, BRAF1, RAFB1, B-RAF1]	true	false	V600L	missense_variant	false
673	BRAF	[NS7, B-raf, BRAF1, RAFB1, B-RAF1]	true	false	S634C	missense_variant	false
673	BRAF	[NS7, B-raf, BRAF1, RAFB1, B-RAF1]	true	false	L597S	missense_variant	false
673	BRAF	[NS7, B-raf, BRAF1, RAFB1, B-RAF1]	true	false	BRAF-VIPR2 fusion	NA	false
673	BRAF	[NS7, B-raf, BRAF1, RAFB1, B-RAF1]	true	false	L525P	missense_variant	false
673	BRAF	[NS7, B-raf, BRAF1, RAFB1, B-RAF1]	true	false	E13K	missense_variant	false
673	BRAF	[NS7, B-raf, BRAF1, RAFB1, B-RAF1]	true	false	V600R	missense_variant	false
673	BRAF	[NS7, B-raf, BRAF1, RAFB1, B-RAF1]	true	false	BRAF-LUC7L2 fusion	NA	false
673	BRAF	[NS7, B-raf, BRAF1, RAFB1, B-RAF1]	true	false	P403L	missense_variant	false
673	BRAF	[NS7, B-raf, BRAF1, RAFB1, B-RAF1]	true	false	G596V	missense_variant	false
673	BRAF	[NS7, B-raf, BRAF1, RAFB1, B-RAF1]	true	false	S616Y	missense_variant	false
673	BRAF	[NS7, B-raf, BRAF1, RAFB1, B-RAF1]	true	false	I714V	missense_variant	false
673	BRAF	[NS7, B-raf, BRAF1, RAFB1, B-RAF1]	true	false	I463S	missense_variant	false
673	BRAF	[NS7, B-raf, BRAF1, RAFB1, B-RAF1]	true	false	N105Tfs*77	frameshift_variant	false
673	BRAF	[NS7, B-raf, BRAF1, RAFB1, B-RAF1]	true	false	K483M	missense_variant	false
673	BRAF	[NS7, B-raf, BRAF1, RAFB1, B-RAF1]	true	false	T332I	missense_variant	false
673	BRAF	[NS7, B-raf, BRAF1, RAFB1, B-RAF1]	true	false	S125F	missense_variant	false
673	BRAF	[NS7, B-raf, BRAF1, RAFB1, B-RAF1]	true	false	G596D	missense_variant	false
673	BRAF	[NS7, B-raf, BRAF1, RAFB1, B-RAF1]	true	false	W531C	missense_variant	false
673	BRAF	[NS7, B-raf, BRAF1, RAFB1, B-RAF1]	true	false	N581D	missense_variant	false
673	BRAF	[NS7, B-raf, BRAF1, RAFB1, B-RAF1]	true	false	E501G	missense_variant	false
673	BRAF	[NS7, B-raf, BRAF1, RAFB1, B-RAF1]	true	false	K205N	missense_variant	false
673	BRAF	[NS7, B-raf, BRAF1, RAFB1, B-RAF1]	true	false	G69S	missense_variant	false
673	BRAF	[NS7, B-raf, BRAF1, RAFB1, B-RAF1]	true	false	I326V	missense_variant	false
673	BRAF	[NS7, B-raf, BRAF1, RAFB1, B-RAF1]	true	false	S124F	missense_variant	false
673	BRAF	[NS7, B-raf, BRAF1, RAFB1, B-RAF1]	true	false	G478C	missense_variant	false
673	BRAF	[NS7, B-raf, BRAF1, RAFB1, B-RAF1]	true	false	D594G	missense_variant	false
673	BRAF	[NS7, B-raf, BRAF1, RAFB1, B-RAF1]	true	false	E549Q	missense_variant	false
673	BRAF	[NS7, B-raf, BRAF1, RAFB1, B-RAF1]	true	false	A33V	missense_variant	false
673	BRAF	[NS7, B-raf, BRAF1, RAFB1, B-RAF1]	true	false	W48*	stop_gained	false
673	BRAF	[NS7, B-raf, BRAF1, RAFB1, B-RAF1]	true	false	T241M	missense_variant	false
673	BRAF	[NS7, B-raf, BRAF1, RAFB1, B-RAF1]	true	false	K483N	missense_variant	false
673	BRAF	[NS7, B-raf, BRAF1, RAFB1, B-RAF1]	true	false	E695D	missense_variant	false
673	BRAF	[NS7, B-raf, BRAF1, RAFB1, B-RAF1]	true	false	BRAF-METTL2 fusion	NA	false
673	BRAF	[NS7, B-raf, BRAF1, RAFB1, B-RAF1]	true	false	T599delinsIP	inframe_insertion	false
673	BRAF	[NS7, B-raf, BRAF1, RAFB1, B-RAF1]	true	false	F256L	missense_variant	false
673	BRAF	[NS7, B-raf, BRAF1, RAFB1, B-RAF1]	true	false	X581_splice	splice_region_variant	false
673	BRAF	[NS7, B-raf, BRAF1, RAFB1, B-RAF1]	true	false	D594Y	missense_variant	false
673	BRAF	[NS7, B-raf, BRAF1, RAFB1, B-RAF1]	true	false	TRIM24-BRAF Fusion	NA	false
673	BRAF	[NS7, B-raf, BRAF1, RAFB1, B-RAF1]	true	false	I572F	missense_variant	false
673	BRAF	[NS7, B-raf, BRAF1, RAFB1, B-RAF1]	true	false	L597R	missense_variant	false
673	BRAF	[NS7, B-raf, BRAF1, RAFB1, B-RAF1]	true	false	G469del	inframe_deletion	false
673	BRAF	[NS7, B-raf, BRAF1, RAFB1, B-RAF1]	true	false	R509H	missense_variant	false
673	BRAF	[NS7, B-raf, BRAF1, RAFB1, B-RAF1]	true	false	S602Y	missense_variant	false
673	BRAF	[NS7, B-raf, BRAF1, RAFB1, B-RAF1]	true	false	Y472C	missense_variant	false
673	BRAF	[NS7, B-raf, BRAF1, RAFB1, B-RAF1]	true	false	F294L	missense_variant	false
673	BRAF	[NS7, B-raf, BRAF1, RAFB1, B-RAF1]	true	false	R671Q	missense_variant	false
673	BRAF	[NS7, B-raf, BRAF1, RAFB1, B-RAF1]	true	false	V600Q	missense_variant	false
673	BRAF	[NS7, B-raf, BRAF1, RAFB1, B-RAF1]	true	false	F595L	missense_variant	false
673	BRAF	[NS7, B-raf, BRAF1, RAFB1, B-RAF1]	true	false	D352Y	missense_variant	false
673	BRAF	[NS7, B-raf, BRAF1, RAFB1, B-RAF1]	true	false	S607F	missense_variant	false
673	BRAF	[NS7, B-raf, BRAF1, RAFB1, B-RAF1]	true	false	L577I	missense_variant	false
673	BRAF	[NS7, B-raf, BRAF1, RAFB1, B-RAF1]	true	false	G469A	missense_variant	false
673	BRAF	[NS7, B-raf, BRAF1, RAFB1, B-RAF1]	true	false	R239Q	missense_variant	false
673	BRAF	[NS7, B-raf, BRAF1, RAFB1, B-RAF1]	true	false	T529N	missense_variant	false
673	BRAF	[NS7, B-raf, BRAF1, RAFB1, B-RAF1]	true	false	L485Y	missense_variant	false
673	BRAF	[NS7, B-raf, BRAF1, RAFB1, B-RAF1]	true	false	BRAF-METTL2B fusion	NA	false
673	BRAF	[NS7, B-raf, BRAF1, RAFB1, B-RAF1]	true	false	G469S	missense_variant	false
673	BRAF	[NS7, B-raf, BRAF1, RAFB1, B-RAF1]	true	false	G466A	missense_variant	false
673	BRAF	[NS7, B-raf, BRAF1, RAFB1, B-RAF1]	true	false	K601E	missense_variant	false
673	BRAF	[NS7, B-raf, BRAF1, RAFB1, B-RAF1]	true	false	AKAP9-BRAF Fusion	NA	false
673	BRAF	[NS7, B-raf, BRAF1, RAFB1, B-RAF1]	true	false	V459L	missense_variant	false
673	BRAF	[NS7, B-raf, BRAF1, RAFB1, B-RAF1]	true	false	PJA2-BRAF fusion	NA	false
673	BRAF	[NS7, B-raf, BRAF1, RAFB1, B-RAF1]	true	false	P345L	missense_variant	false
673	BRAF	[NS7, B-raf, BRAF1, RAFB1, B-RAF1]	true	false	V600D	missense_variant	false
673	BRAF	[NS7, B-raf, BRAF1, RAFB1, B-RAF1]	true	false	E695Q	missense_variant	false
673	BRAF	[NS7, B-raf, BRAF1, RAFB1, B-RAF1]	true	false	Q562P	missense_variant	false
673	BRAF	[NS7, B-raf, BRAF1, RAFB1, B-RAF1]	true	false	G596R	missense_variant	false
673	BRAF	[NS7, B-raf, BRAF1, RAFB1, B-RAF1]	true	false	K601N	missense_variant	false
673	BRAF	[NS7, B-raf, BRAF1, RAFB1, B-RAF1]	true	false	L597Q	missense_variant	false
673	BRAF	[NS7, B-raf, BRAF1, RAFB1, B-RAF1]	true	false	S363F	missense_variant	false
673	BRAF	[NS7, B-raf, BRAF1, RAFB1, B-RAF1]	true	false	K601T	missense_variant	false
673	BRAF	[NS7, B-raf, BRAF1, RAFB1, B-RAF1]	true	false	R260C	missense_variant	false
673	BRAF	[NS7, B-raf, BRAF1, RAFB1, B-RAF1]	true	false	G518A	missense_variant	false
673	BRAF	[NS7, B-raf, BRAF1, RAFB1, B-RAF1]	true	false	E715K	missense_variant	false
673	BRAF	[NS7, B-raf, BRAF1, RAFB1, B-RAF1]	true	false	H574L	missense_variant	false
673	BRAF	[NS7, B-raf, BRAF1, RAFB1, B-RAF1]	true	false	BRAF-CDK5RAP2 fusion	NA	false
673	BRAF	[NS7, B-raf, BRAF1, RAFB1, B-RAF1]	true	false	P162S	missense_variant	false
673	BRAF	[NS7, B-raf, BRAF1, RAFB1, B-RAF1]	true	false	P343L	missense_variant	false
673	BRAF	[NS7, B-raf, BRAF1, RAFB1, B-RAF1]	true	false	P708S	missense_variant	false
673	BRAF	[NS7, B-raf, BRAF1, RAFB1, B-RAF1]	true	false	V471F	missense_variant	false
673	BRAF	[NS7, B-raf, BRAF1, RAFB1, B-RAF1]	true	false	L485F	missense_variant	false
673	BRAF	[NS7, B-raf, BRAF1, RAFB1, B-RAF1]	true	false	R444Q	missense_variant	false
673	BRAF	[NS7, B-raf, BRAF1, RAFB1, B-RAF1]	true	false	G189C	missense_variant	false
673	BRAF	[NS7, B-raf, BRAF1, RAFB1, B-RAF1]	true	false	L553R	missense_variant	false
673	BRAF	[NS7, B-raf, BRAF1, RAFB1, B-RAF1]	true	false	L485_A489delinsFS	inframe_deletion	false
673	BRAF	[NS7, B-raf, BRAF1, RAFB1, B-RAF1]	true	false	E501K	missense_variant	false
673	BRAF	[NS7, B-raf, BRAF1, RAFB1, B-RAF1]	true	false	L161M	missense_variant	false
673	BRAF	[NS7, B-raf, BRAF1, RAFB1, B-RAF1]	true	false	D594H	missense_variant	false
673	BRAF	[NS7, B-raf, BRAF1, RAFB1, B-RAF1]	true	false	T599_V600insV	inframe_deletion	false
673	BRAF	[NS7, B-raf, BRAF1, RAFB1, B-RAF1]	true	false	F247L	missense_variant	false
673	BRAF	[NS7, B-raf, BRAF1, RAFB1, B-RAF1]	true	false	R360Q	missense_variant	false
673	BRAF	[NS7, B-raf, BRAF1, RAFB1, B-RAF1]	true	false	T599_V600insEAT	inframe_insertion	false
673	BRAF	[NS7, B-raf, BRAF1, RAFB1, B-RAF1]	true	false	P492T	missense_variant	false
673	BRAF	[NS7, B-raf, BRAF1, RAFB1, B-RAF1]	true	false	F583C	missense_variant	false
673	BRAF	[NS7, B-raf, BRAF1, RAFB1, B-RAF1]	true	false	G469L	missense_variant	false
673	BRAF	[NS7, B-raf, BRAF1, RAFB1, B-RAF1]	true	false	T488_P492del	inframe_deletion	false
673	BRAF	[NS7, B-raf, BRAF1, RAFB1, B-RAF1]	true	false	N581Y	missense_variant	false
673	BRAF	[NS7, B-raf, BRAF1, RAFB1, B-RAF1]	true	false	CUL1-BRAF Fusion	NA	false
673	BRAF	[NS7, B-raf, BRAF1, RAFB1, B-RAF1]	true	false	P490_Q494del	inframe_deletion	false
673	BRAF	[NS7, B-raf, BRAF1, RAFB1, B-RAF1]	true	false	FAM131B-BRAF Fusion	NA	false
673	BRAF	[NS7, B-raf, BRAF1, RAFB1, B-RAF1]	true	false	T310I	missense_variant	false
673	BRAF	[NS7, B-raf, BRAF1, RAFB1, B-RAF1]	true	false	G469R	missense_variant	false
673	BRAF	[NS7, B-raf, BRAF1, RAFB1, B-RAF1]	true	false	H539Y	missense_variant	false
673	BRAF	[NS7, B-raf, BRAF1, RAFB1, B-RAF1]	true	false	ARL4C-BRAF fusion	NA	false
673	BRAF	[NS7, B-raf, BRAF1, RAFB1, B-RAF1]	true	false	H725Y	missense_variant	false
673	BRAF	[NS7, B-raf, BRAF1, RAFB1, B-RAF1]	true	false	L597P	missense_variant	false
673	BRAF	[NS7, B-raf, BRAF1, RAFB1, B-RAF1]	true	false	A404Cfs*9	frameshift_variant	false
673	BRAF	[NS7, B-raf, BRAF1, RAFB1, B-RAF1]	true	false	Fusions	NA	false
673	BRAF	[NS7, B-raf, BRAF1, RAFB1, B-RAF1]	true	false	R682W	missense_variant	false
673	BRAF	[NS7, B-raf, BRAF1, RAFB1, B-RAF1]	true	false	D594N	missense_variant	false
673	BRAF	[NS7, B-raf, BRAF1, RAFB1, B-RAF1]	true	false	BRAF-MRPS33 fusion	NA	false
673	BRAF	[NS7, B-raf, BRAF1, RAFB1, B-RAF1]	true	false	D352H	missense_variant	false
673	BRAF	[NS7, B-raf, BRAF1, RAFB1, B-RAF1]	true	false	p61BRAF	NA	false
673	BRAF	[NS7, B-raf, BRAF1, RAFB1, B-RAF1]	true	false	H574Y	missense_variant	false
673	BRAF	[NS7, B-raf, BRAF1, RAFB1, B-RAF1]	true	false	A598T	missense_variant	false
673	BRAF	[NS7, B-raf, BRAF1, RAFB1, B-RAF1]	true	false	L674Q	missense_variant	false
673	BRAF	[NS7, B-raf, BRAF1, RAFB1, B-RAF1]	true	false	L597V	missense_variant	false
673	BRAF	[NS7, B-raf, BRAF1, RAFB1, B-RAF1]	true	false	G8V	missense_variant	false
673	BRAF	[NS7, B-raf, BRAF1, RAFB1, B-RAF1]	true	false	F468C	missense_variant	false
673	BRAF	[NS7, B-raf, BRAF1, RAFB1, B-RAF1]	true	false	H353P	missense_variant	false
673	BRAF	[NS7, B-raf, BRAF1, RAFB1, B-RAF1]	true	false	A33D	missense_variant	false
673	BRAF	[NS7, B-raf, BRAF1, RAFB1, B-RAF1]	true	false	V600_K601delinsE	inframe_deletion	false
673	BRAF	[NS7, B-raf, BRAF1, RAFB1, B-RAF1]	true	false	G606W	missense_variant	false
673	BRAF	[NS7, B-raf, BRAF1, RAFB1, B-RAF1]	true	false	G466R	missense_variant	false
673	BRAF	[NS7, B-raf, BRAF1, RAFB1, B-RAF1]	true	false	T599dup	inframe_insertion	false
673	BRAF	[NS7, B-raf, BRAF1, RAFB1, B-RAF1]	true	false	D555H	missense_variant	false
673	BRAF	[NS7, B-raf, BRAF1, RAFB1, B-RAF1]	true	false	G596S	missense_variant	false
673	BRAF	[NS7, B-raf, BRAF1, RAFB1, B-RAF1]	true	false	D594A	missense_variant	false
673	BRAF	[NS7, B-raf, BRAF1, RAFB1, B-RAF1]	true	false	BRAF-PJA2 fusion	NA	false
673	BRAF	[NS7, B-raf, BRAF1, RAFB1, B-RAF1]	true	false	N581S	missense_variant	false
673	BRAF	[NS7, B-raf, BRAF1, RAFB1, B-RAF1]	true	false	BRAF-NCRNA00244 fusion	NA	false
673	BRAF	[NS7, B-raf, BRAF1, RAFB1, B-RAF1]	true	false	T529I	missense_variant	false
673	BRAF	[NS7, B-raf, BRAF1, RAFB1, B-RAF1]	true	false	N412S	missense_variant	false
673	BRAF	[NS7, B-raf, BRAF1, RAFB1, B-RAF1]	true	false	I665V	missense_variant	false
673	BRAF	[NS7, B-raf, BRAF1, RAFB1, B-RAF1]	true	false	S727T	missense_variant	false
673	BRAF	[NS7, B-raf, BRAF1, RAFB1, B-RAF1]	true	false	P367S	missense_variant	false
673	BRAF	[NS7, B-raf, BRAF1, RAFB1, B-RAF1]	true	false	G469E	missense_variant	false
673	BRAF	[NS7, B-raf, BRAF1, RAFB1, B-RAF1]	true	false	A246P	missense_variant	false
673	BRAF	[NS7, B-raf, BRAF1, RAFB1, B-RAF1]	true	false	S614P	missense_variant	false
673	BRAF	[NS7, B-raf, BRAF1, RAFB1, B-RAF1]	true	false	T599R	missense_variant	false
